[
{
  "model": "auth.group",
  "pk": 1,
  "fields": {
    "name": "Moderators",
    "permissions": [
      [
        "access_admin",
        "wagtailadmin",
        "admin"
      ],
      [
        "add_document",
        "wagtaildocs",
        "document"
      ],
      [
        "change_document",
        "wagtaildocs",
        "document"
      ],
      [
        "choose_document",
        "wagtaildocs",
        "document"
      ],
      [
        "delete_document",
        "wagtaildocs",
        "document"
      ],
      [
        "add_image",
        "wagtailimages",
        "image"
      ],
      [
        "change_image",
        "wagtailimages",
        "image"
      ],
      [
        "delete_image",
        "wagtailimages",
        "image"
      ]
    ]
  }
},
{
  "model": "auth.group",
  "pk": 2,
  "fields": {
    "name": "Editors",
    "permissions": [
      [
        "access_admin",
        "wagtailadmin",
        "admin"
      ],
      [
        "add_document",
        "wagtaildocs",
        "document"
      ],
      [
        "change_document",
        "wagtaildocs",
        "document"
      ],
      [
        "choose_document",
        "wagtaildocs",
        "document"
      ],
      [
        "delete_document",
        "wagtaildocs",
        "document"
      ],
      [
        "add_image",
        "wagtailimages",
        "image"
      ],
      [
        "change_image",
        "wagtailimages",
        "image"
      ],
      [
        "delete_image",
        "wagtailimages",
        "image"
      ]
    ]
  }
},
{
  "model": "sites.site",
  "pk": 1,
  "fields": {
    "domain": "pfwra.org.nz",
    "name": "pfwra"
  }
},
{
  "model": "users.user",
  "pk": 1,
  "fields": {
    "password": "argon2$argon2i$v=19$m=512,t=2,p=2$aXdna3EwVXRKamtY$lNyv7pBLC/3J8gYy306fsg",
    "last_login": "2021-04-25T18:27:43.103Z",
    "is_superuser": true,
    "username": "admin",
    "email": "admin@example.com",
    "is_staff": true,
    "is_active": true,
    "date_joined": "2021-02-25T20:51:50.707Z",
    "name": "",
    "first_name": "",
    "last_name": "",
    "groups": [],
    "user_permissions": []
  }
},
{
  "model": "common.counter",
  "pk": 4,
  "fields": {
    "image": 13,
    "count": 10236,
    "text": "native trees planted"
  }
},
{
  "model": "common.counter",
  "pk": 5,
  "fields": {
    "image": 14,
    "count": 16087,
    "text": "Norway rats trapped"
  }
},
{
  "model": "common.counter",
  "pk": 6,
  "fields": {
    "image": 15,
    "count": 77,
    "text": "working bees complete"
  }
},
{
  "model": "common.suburb",
  "pk": 1,
  "fields": {
    "name": "Piha",
    "slug": "test-slug"
  }
},
{
  "model": "common.suburb",
  "pk": 2,
  "fields": {
    "name": "Kare Kare",
    "slug": "kare-kare"
  }
},
{
  "model": "common.suburb",
  "pk": 3,
  "fields": {
    "name": "Anawhata",
    "slug": "anawhata"
  }
},
{
  "model": "common.suburb",
  "pk": 4,
  "fields": {
    "name": "Titirangi",
    "slug": "titirangi"
  }
},
{
  "model": "common.suburb",
  "pk": 5,
  "fields": {
    "name": "Te Henga / Bethalls",
    "slug": "te-henga-bethalls"
  }
},
{
  "model": "common.suburb",
  "pk": 6,
  "fields": {
    "name": "Cornwallis",
    "slug": "cornwallis"
  }
},
{
  "model": "common.suburb",
  "pk": 7,
  "fields": {
    "name": "Henderson Valley",
    "slug": "henderson-valley"
  }
},
{
  "model": "common.suburb",
  "pk": 8,
  "fields": {
    "name": "Huia",
    "slug": "huia"
  }
},
{
  "model": "common.suburb",
  "pk": 9,
  "fields": {
    "name": "Laingholm",
    "slug": "laingholm"
  }
},
{
  "model": "common.suburb",
  "pk": 10,
  "fields": {
    "name": "Oratia",
    "slug": "oratia"
  }
},
{
  "model": "common.suburb",
  "pk": 11,
  "fields": {
    "name": "Parau",
    "slug": "parau"
  }
},
{
  "model": "common.suburb",
  "pk": 12,
  "fields": {
    "name": "Sunnyvale",
    "slug": "sunnyvale"
  }
},
{
  "model": "common.suburb",
  "pk": 13,
  "fields": {
    "name": "Swanson",
    "slug": "swanson"
  }
},
{
  "model": "common.suburb",
  "pk": 14,
  "fields": {
    "name": "Waiatarua",
    "slug": "waiatarua"
  }
},
{
  "model": "common.suburb",
  "pk": 15,
  "fields": {
    "name": "Waima",
    "slug": "waima"
  }
},
{
  "model": "common.suburb",
  "pk": 16,
  "fields": {
    "name": "Waitākere township",
    "slug": "waitakere-township"
  }
},
{
  "model": "common.suburb",
  "pk": 17,
  "fields": {
    "name": "Whatipu",
    "slug": "whatipu"
  }
},
{
  "model": "common.suburb",
  "pk": 18,
  "fields": {
    "name": "Woodlands Park",
    "slug": "woodlands-park"
  }
},
{
  "model": "common.people",
  "pk": 1,
  "fields": {
    "first_name": "Michelle",
    "last_name": "Swanepoel",
    "job_title": "Administrator",
    "image": null
  }
},
{
  "model": "common.standardpage",
  "pk": 22,
  "fields": {
    "subtitle": "Mo Tatou",
    "introduction": "Meet the committee members and some of the heroes behind the scenes",
    "image": null,
    "body": "[{\"type\": \"paragraph_block\", \"value\": \"<p><i>Lorem ipsum</i>, or lipsum as it is sometimes known, is dummy text used in laying out print, graphic or web designs. The passage is attributed to an unknown typesetter in the 15th century who is thought to have scrambled parts of Cicero&#x27;s De Finibus Bonorum et Malorum for use in a type specimen book.</p><p></p><embed alt=\\\"North Piha work\\\" embedtype=\\\"image\\\" format=\\\"fullwidth\\\" id=\\\"16\\\"/><p></p>\", \"id\": \"7d3d738e-cf8a-4460-b35f-a358d90f62e9\"}]"
  }
},
{
  "model": "home.counterpageadvertplacement",
  "pk": 4,
  "fields": {
    "sort_order": 0,
    "page": 3,
    "counter": 4
  }
},
{
  "model": "home.counterpageadvertplacement",
  "pk": 5,
  "fields": {
    "sort_order": 1,
    "page": 3,
    "counter": 5
  }
},
{
  "model": "home.counterpageadvertplacement",
  "pk": 6,
  "fields": {
    "sort_order": 2,
    "page": 3,
    "counter": 6
  }
},
{
  "model": "home.counterpageadvertplacement",
  "pk": 7,
  "fields": {
    "sort_order": 3,
    "page": 3,
    "counter": 5
  }
},
{
  "model": "home.counterpageadvertplacement",
  "pk": 8,
  "fields": {
    "sort_order": 4,
    "page": 3,
    "counter": 6
  }
},
{
  "model": "home.counterpageadvertplacement",
  "pk": 9,
  "fields": {
    "sort_order": 5,
    "page": 3,
    "counter": 4
  }
},
{
  "model": "news.blogpagetag",
  "pk": 7,
  "fields": {
    "tag": 3,
    "content_object": 12
  }
},
{
  "model": "news.blogpagetag",
  "pk": 8,
  "fields": {
    "tag": 2,
    "content_object": 11
  }
},
{
  "model": "news.blogpagetag",
  "pk": 9,
  "fields": {
    "tag": 1,
    "content_object": 10
  }
},
{
  "model": "news.blogpage",
  "pk": 10,
  "fields": {
    "author": 1,
    "introduction": "Lorem ipsum dolor sit amet, consectetuer adipiscing elit, sed diam nonummy nibh euismod tincidunt ut laoreet dolore magna aliquam erat volutpat.",
    "image": 5,
    "body": "[{\"type\": \"paragraph_block\", \"value\": \"<p><i>Lorem ipsum dolor sit amet, consectetuer adipiscing elit, sed diam nonummy nibh euismod tincidunt ut laoreet dolore magna aliquam erat volutpat. Lorem ipsum dolor sit amet, consectetuer adipiscing elit, sed diam nonummy nibh euismod tincidunt ut laoreet dolore magna aliquam erat volutpat. Lorem ipsum dolor sit amet, consectetuer adipiscing elit, sed diam nonummy nibh euismod tincidunt ut laoreet dolore magna aliquam erat volutpat.</i></p>\", \"id\": \"1b71989f-1abb-4926-8cf3-46a3f5474436\"}]",
    "suburb": 2,
    "date_published": "2021-04-14"
  }
},
{
  "model": "news.blogpage",
  "pk": 11,
  "fields": {
    "author": 1,
    "introduction": "Lorem ipsum dolor sit amet, consectetuer adipiscing elit, sed diam nonummy nibh euismod tincidunt ut laoreet dolore magna aliquam erat volutpat.",
    "image": 4,
    "body": "[{\"type\": \"paragraph_block\", \"value\": \"<p>Lorem ipsum dolor sit amet, consectetuer adipiscing elit, sed diam nonummy nibh euismod tincidunt ut laoreet dolore magna aliquam erat volutpat. Ut wisi enim ad minim veniam, quis nostrud exerci tation ullamcorper suscipit lobortis nisl ut aliquip ex ea commodo consequat. Duis autem vel eum iriure dolor in hendrerit in vulputate velit esse molestie consequat, vel illum dolore eu feugiat nulla facilisis at vero eros et accumsan et iusto odio dignissim qui blandit praesent luptatum zzril delenit augue duis dolore te feugait nulla facilisi.</p><p>Lorem ipsum dolor sit amet, cons ectetuer adipiscing elit, sed diam nonummy nibh euismod tincidunt ut laoreet dolore magna aliquam erat volutpat. Ut wisi enim ad minim veniam, quis nostrud exerci tation ullamcorper suscipit lobortis nisl ut aliquip ex ea commodo consequat.</p>\", \"id\": \"0032699f-7b68-4e09-9928-2187c912cf6a\"}]",
    "suburb": 1,
    "date_published": "2021-04-14"
  }
},
{
  "model": "news.blogpage",
  "pk": 12,
  "fields": {
    "author": 1,
    "introduction": "Duis autem vel eum iriure dolor in hendrerit in vulputate velit esse molestie consequat, vel illum dolore eu feugiat nulla facilisis at vero.",
    "image": 16,
    "body": "[{\"type\": \"paragraph_block\", \"value\": \"<p>Lorem ipsum dolor sit amet, consectetuer adipiscing elit, sed diam nonummy nibh euismod tincidunt ut laoreet dolore magna aliquam erat volutpat. Ut wisi enim ad minim veniam, quis nostrud exerci tation ullamcorper suscipit lobortis nisl ut aliquip ex ea commodo consequat. Duis autem vel eum iriure dolor in hendrerit in vulputate velit esse molestie consequat, vel illum dolore eu feugiat nulla facilisis at vero eros et accumsan et iusto odio dignissim qui blandit praesent luptatum zzril delenit augue duis dolore te feugait nulla facilisi.</p><p>Lorem ipsum dolor sit amet, cons ectetuer adipiscing elit, sed diam nonummy nibh euismod tincidunt ut laoreet dolore magna aliquam erat volutpat. Ut wisi enim ad minim veniam, quis nostrud exerci tation ullamcorper suscipit lobortis nisl ut aliquip ex ea commodo consequat.</p>\", \"id\": \"cd77153c-39b9-4c88-90f3-89983994b882\"}, {\"type\": \"image_block\", \"value\": {\"image\": 4, \"caption\": \"Lorem ipsum dolor sit amet, consectetuer adipiscing elit, sed diam nonummy nibh euismod tincidunt ut laoreet dolore magna.\", \"attribution\": \"Jordi Joan Tablada\"}, \"id\": \"ad5ae5cd-4799-4e3b-b585-8adf99dafcd5\"}, {\"type\": \"paragraph_block\", \"value\": \"<p>Lorem ipsum dolor sit amet, consectetuer adipiscing elit, sed diam nonummy nibh euismod tincidunt ut laoreet dolore magna aliquam erat volutpat. Ut wisi enim ad minim veniam, quis nostrud exerci tation ullamcorper suscipit lobortis nisl ut aliquip ex ea commodo consequat. Duis autem vel eum iriure dolor in hendrerit in vulputate velit esse molestie consequat, vel illum dolore eu feugiat nulla facilisis at vero eros et accumsan et iusto odio dignissim qui blandit praesent luptatum zzril delenit augue duis dolore te feugait nulla facilisi.</p>\", \"id\": \"1874b42d-6a23-4818-b279-6f08d0cbd85b\"}, {\"type\": \"block_quote\", \"value\": {\"text\": \"\\\"Ut wisi enim ad minim veniam, quis nostrud exerci tation ullamcorper \\\"\", \"attribute_name\": \"Michelle\"}, \"id\": \"f35dff44-1677-4715-bc2e-1f301e3164df\"}]",
    "suburb": 3,
    "date_published": "2021-04-14"
  }
},
{
  "model": "news.blogindexpage",
  "pk": 9,
  "fields": {
    "subtitle": "Korero",
    "introduction": "Lorem ipsum dolor sit amet, consectetuer adipiscing elit, sed diam nonummy nibh euismod tincidunt ut laoreet dolore magna aliquam erat volutpat.",
    "image": 22
  }
},
{
  "model": "groups.grouppagesuburb",
  "pk": 1,
  "fields": {
    "sort_order": 0,
    "page": 14,
    "suburb": 1
  }
},
{
  "model": "groups.grouppagesuburb",
  "pk": 2,
  "fields": {
    "sort_order": 0,
    "page": 15,
    "suburb": 2
  }
},
{
  "model": "groups.grouppagesuburb",
  "pk": 3,
  "fields": {
    "sort_order": 0,
    "page": 16,
    "suburb": 17
  }
},
{
  "model": "groups.grouppagetag",
  "pk": 6,
  "fields": {
    "tag": 1,
    "content_object": 14
  }
},
{
  "model": "groups.grouppagetag",
  "pk": 7,
  "fields": {
    "tag": 3,
    "content_object": 14
  }
},
{
  "model": "groups.grouppagetag",
  "pk": 8,
  "fields": {
    "tag": 5,
    "content_object": 14
  }
},
{
  "model": "groups.grouppagetag",
  "pk": 9,
  "fields": {
    "tag": 4,
    "content_object": 16
  }
},
{
  "model": "groups.grouppagetag",
  "pk": 10,
  "fields": {
    "tag": 5,
    "content_object": 16
  }
},
{
  "model": "groups.grouppage",
  "pk": 14,
  "fields": {
    "subtitle": "Pest Free Piha",
    "introduction": "We aim to raise environmental awareness in Piha and progressively establish a network of neighbourhood groups which will rid Piha of predators and weed pests by 2025.",
    "image": 16,
    "logo": 17,
    "external_url": "http://pestfreepiha.nz",
    "body": "[{\"type\": \"heading_block\", \"value\": {\"heading_text\": \"Heading example 02\", \"size\": \"h2\"}, \"id\": \"c4f0b64d-c181-4a2b-a284-fd5ce72df160\"}, {\"type\": \"heading_block\", \"value\": {\"heading_text\": \"Heading example 03\", \"size\": \"h3\"}, \"id\": \"e14272da-415b-47bc-a669-b4fd25d8173f\"}, {\"type\": \"heading_block\", \"value\": {\"heading_text\": \"Heading example 04\", \"size\": \"h4\"}, \"id\": \"2aa83519-1a25-486d-bf4a-465dec2091d7\"}, {\"type\": \"paragraph_block\", \"value\": \"<p>Duis autem vel eum iriure dolor in hendrerit in vulputate velit esse molestie consequat, vel illum dolore eu feugiat nulla facilisis at vero eros et accumsan et iusto odio dignissim qui blandit praesent luptatum zzril delenit augue duis dolore te feugait nulla facilisi.</p>\", \"id\": \"c9f2db65-b6ff-467c-a7f9-54678835026d\"}, {\"type\": \"embed_block\", \"value\": \"https://www.youtube.com/watch?v=Zkatslv4T7Y\", \"id\": \"d31e2164-d596-4045-83a2-1c3aaa1bd655\"}, {\"type\": \"heading_block\", \"value\": {\"heading_text\": \"Duis autem\", \"size\": \"h3\"}, \"id\": \"7e03c182-7864-4478-8ae0-6a400ab53453\"}, {\"type\": \"paragraph_block\", \"value\": \"<p>Lorem ipsum dolor sit amet, consectetuer adipiscing elit, sed diam nonummy nibh euismod tincidunt ut laoreet dolore magna aliquam erat volutpat. Ut wisi enim ad minim veniam, quis nostrud exerci tation ullamcorper suscipit lobortis nisl ut aliquip ex ea commodo consequat. Duis autem vel eum iriure dolor in hendrerit in vulputate velit esse molestie consequat, vel illum dolore eu feugiat nulla facilisis at vero eros et accumsan et iusto odio dignissim qui blandit praesent luptatum zzril delenit augue duis dolore te feugait nulla facilisi.</p>\", \"id\": \"f52ec96e-2e03-4001-8f93-5d53104a979b\"}]"
  }
},
{
  "model": "groups.grouppage",
  "pk": 15,
  "fields": {
    "subtitle": "Kare Kare Landcare",
    "introduction": "Together as a community of landowners, residents, volunteers, Iwi and organisations, we hope to protect the unique natural character and biodiversity of Karekare and its surrounding catchments.",
    "image": 18,
    "logo": null,
    "external_url": "http://karekarelandcare.org",
    "body": "[{\"type\": \"heading_block\", \"value\": {\"heading_text\": \"Lorem ipsum dolor sit amet\", \"size\": \"h3\"}, \"id\": \"f2b346d1-e308-4104-9724-cb611744d69b\"}, {\"type\": \"paragraph_block\", \"value\": \"<p>Lorem ipsum dolor sit amet, consectetuer adipiscing elit, sed diam nonummy nibh euismod tincidunt ut laoreet dolore magna aliquam erat volutpat. Ut wisi enim ad minim veniam, quis nostrud exerci tation ullamcorper suscipit lobortis nisl ut aliquip ex ea commodo consequat. Duis autem vel eum iriure dolor in hendrerit in vulputate velit esse molestie consequat, vel illum dolore eu feugiat nulla facilisis at vero eros et accumsan et iusto odio dignissim qui blandit praesent luptatum zzril delenit augue duis dolore te feugait nulla facilisi.</p>\", \"id\": \"3505a98c-dcf2-47de-a5bc-262f26f77c53\"}, {\"type\": \"heading_block\", \"value\": {\"heading_text\": \"Lorem ipsum\", \"size\": \"h4\"}, \"id\": \"b59bbc27-de7f-4b1b-ad7c-d0f9777c9cb7\"}, {\"type\": \"paragraph_block\", \"value\": \"<p>Lorem ipsum dolor sit amet, consectetuer adipiscing elit, sed diam nonummy nibh euismod tincidunt ut laoreet dolore magna aliquam erat volutpat. Ut wisi enim ad minim veniam, quis nostrud exerci tation ullamcorper suscipit lobortis nisl ut aliquip ex ea commodo consequat. Duis autem vel eum iriure dolor in hendrerit in vulputate velit esse molestie consequat, vel illum dolore eu feugiat nulla facilisis at vero eros et accumsan et iusto odio dignissim qui blandit praesent luptatum zzril delenit augue duis dolore te feugait nulla facilisi.</p>\", \"id\": \"d8151a10-7234-449a-9466-29936b3c307c\"}]"
  }
},
{
  "model": "groups.grouppage",
  "pk": 16,
  "fields": {
    "subtitle": null,
    "introduction": "A group of friendly conservation volunteers safeguarding and enjoying the unique landscape, nature and heritage of Whatipū. We are always looking for new Members that are passionate about Whatipu.",
    "image": 19,
    "logo": null,
    "external_url": "http://www.facebook.com/Whatipu",
    "body": "[{\"type\": \"paragraph_block\", \"value\": \"<p>Lorem ipsum dolor sit amet, consectetuer adipiscing elit, sed diam nonummy nibh euismod tincidunt ut laoreet dolore magna aliquam erat volutpat. Ut wisi enim ad minim veniam, quis nostrud exerci tation ullamcorper suscipit lobortis nisl ut aliquip ex ea commodo consequat. Duis autem vel eum iriure dolor in hendrerit in vulputate velit esse molestie consequat, vel illum dolore eu feugiat nulla facilisis at vero eros et accumsan et iusto odio dignissim qui blandit praesent luptatum zzril delenit augue duis dolore te feugait nulla facilisi.</p><p>Lorem ipsum dolor sit amet, cons ectetuer adipiscing elit, sed diam nonummy nibh euismod tincidunt ut laoreet dolore magna aliquam erat volutpat. Ut wisi enim ad minim veniam, quis nostrud exerci tation ullamcorper suscipit lobortis nisl ut aliquip ex ea commodo consequat.</p>\", \"id\": \"b41c3599-886e-42f4-8e47-638839ed0484\"}]"
  }
},
{
  "model": "groups.groupindexpage",
  "pk": 13,
  "fields": {
    "subtitle": "Rōpū",
    "introduction": "Lorem ipsum dolor sit amet, consectetuer adipiscing elit, sed diam nonummy nibh euismod tincidunt ut laoreet dolore magna aliquam erat volutpat.",
    "image": 21
  }
},
{
  "model": "events.eventpagesuburb",
  "pk": 1,
  "fields": {
    "sort_order": 0,
    "page": 19,
    "suburb": 1
  }
},
{
  "model": "events.eventpagetag",
  "pk": 2,
  "fields": {
    "tag": 3,
    "content_object": 19
  }
},
{
  "model": "events.eventpage",
  "pk": 19,
  "fields": {
    "subtitle": "Whakauru",
    "introduction": "Lorem ipsum dolor sit amet, consectetuer adipiscing elit, sed diam nonummy nibh euismod tincidunt ut laoreet dolore magna aliquam erat volutpat.",
    "location": "Lorem ipsum dolor sit amet",
    "image": 16,
    "date_scheduled": "2021-05-01",
    "starting_time": "9am",
    "ending_time": "12pm",
    "body": "[{\"type\": \"paragraph_block\", \"value\": \"<p>Lorem ipsum dolor sit amet, consectetuer adipiscing elit, sed diam nonummy nibh euismod tincidunt ut laoreet dolore magna aliquam erat volutpat. Ut wisi enim ad minim veniam, quis nostrud exerci tation ullamcorper suscipit lobortis nisl ut aliquip ex ea commodo consequat. Duis autem vel eum iriure dolor in hendrerit in vulputate velit esse molestie consequat, vel illum dolore eu feugiat nulla facilisis at vero eros et accumsan et iusto odio dignissim qui blandit praesent luptatum zzril delenit augue duis dolore te feugait nulla facilisi.</p><p>Lorem ipsum dolor sit amet, cons ectetuer adipiscing elit, sed diam nonummy nibh euismod tincidunt ut laoreet dolore magna aliquam erat volutpat. Ut wisi enim ad minim veniam, quis nostrud exerci tation ullamcorper suscipit lobortis nisl ut aliquip ex ea commodo consequat.</p><p></p>\", \"id\": \"fa6dd6e3-1822-44af-ac5c-b41e0b3d27c4\"}]"
  }
},
{
  "model": "events.eventindexpage",
  "pk": 18,
  "fields": {
    "subtitle": "Whakauru",
    "introduction": "Lorem ipsum dolor sit amet, consectetuer adipiscing elit, sed diam nonummy nibh euismod tincidunt ut laoreet dolore magna aliquam erat volutpat.",
    "image": 22
  }
},
{
  "model": "contactforms.formfield",
  "pk": 1,
  "fields": {
    "sort_order": 0,
    "clean_name": "first_name",
    "label": "First name",
    "field_type": "singleline",
    "required": true,
    "choices": "",
    "default_value": "",
    "help_text": "",
    "page": 21
  }
},
{
  "model": "contactforms.formfield",
  "pk": 2,
  "fields": {
    "sort_order": 1,
    "clean_name": "last_name",
    "label": "Last name",
    "field_type": "singleline",
    "required": true,
    "choices": "",
    "default_value": "",
    "help_text": "",
    "page": 21
  }
},
{
  "model": "contactforms.formfield",
  "pk": 3,
  "fields": {
    "sort_order": 2,
    "clean_name": "email",
    "label": "Email",
    "field_type": "email",
    "required": true,
    "choices": "",
    "default_value": "",
    "help_text": "",
    "page": 21
  }
},
{
  "model": "contactforms.formfield",
  "pk": 4,
  "fields": {
    "sort_order": 3,
    "clean_name": "subject",
    "label": "Subject",
    "field_type": "singleline",
    "required": true,
    "choices": "",
    "default_value": "",
    "help_text": "",
    "page": 21
  }
},
{
  "model": "contactforms.formfield",
  "pk": 5,
  "fields": {
    "sort_order": 4,
    "clean_name": "message",
    "label": "Message",
    "field_type": "multiline",
    "required": true,
    "choices": "",
    "default_value": "",
    "help_text": "",
    "page": 21
  }
},
{
  "model": "contactforms.formpage",
  "pk": 21,
  "fields": {
    "to_address": "",
    "from_address": "",
    "subject": "",
    "subtitle": "HONO",
    "introduction": "Lorem ipsum dolor sit amet, consectetuer adipiscing elit, sed diam nonummy nibh euismod tincidunt ut laoreet dolore magna aliquam erat volutpat.",
    "image": null,
    "body": "[]",
    "thank_you_text": "[]"
  }
},
{
  "model": "wagtailforms.formsubmission",
  "pk": 1,
  "fields": {
    "form_data": "{\"first_name\": \"j\", \"last_name\": \"j\", \"email\": \"jordi@j.es\", \"subject\": \"w\", \"message\": \"ds\"}",
    "page": 21,
    "submit_time": "2021-04-26T09:25:52.054Z"
  }
},
{
  "model": "wagtailforms.formsubmission",
  "pk": 2,
  "fields": {
    "form_data": "{\"first_name\": \"j\", \"last_name\": \"j\", \"email\": \"jordi@j.es\", \"subject\": \"w\", \"message\": \"ds\"}",
    "page": 21,
    "submit_time": "2021-04-26T09:26:24.867Z"
  }
},
{
  "model": "wagtailforms.formsubmission",
  "pk": 3,
  "fields": {
    "form_data": "{\"first_name\": \"ds\", \"last_name\": \"sa\", \"email\": \"ddsa@d.ds\", \"subject\": \"d\", \"message\": \"d\"}",
    "page": 21,
    "submit_time": "2021-04-27T02:27:47.722Z"
  }
},
{
  "model": "wagtailembeds.embed",
  "pk": 1,
  "fields": {
    "url": "https://www.youtube.com/watch?v=Zkatslv4T7Y",
    "max_width": null,
    "hash": "5a8b6509ee326d3b506ce36f97757426",
    "type": "video",
    "html": "<iframe width=\"200\" height=\"113\" src=\"https://www.youtube.com/embed/Zkatslv4T7Y?feature=oembed\" frameborder=\"0\" allow=\"accelerometer; autoplay; clipboard-write; encrypted-media; gyroscope; picture-in-picture\" allowfullscreen></iframe>",
    "title": "Piha - Conservation in action",
    "author_name": "Jordi J. Tablada",
    "provider_name": "YouTube",
    "thumbnail_url": "https://i.ytimg.com/vi/Zkatslv4T7Y/hqdefault.jpg",
    "width": 200,
    "height": 113,
    "last_updated": "2021-04-13T22:11:35.680Z"
  }
},
{
  "model": "wagtailimages.image",
  "pk": 1,
  "fields": {
    "collection": 1,
    "title": "Wetlands",
    "file": "original_images/IMG_9082.png",
    "width": 1920,
    "height": 1327,
    "created_at": "2021-02-25T21:05:24.850Z",
    "uploaded_by_user": [
      "admin"
    ],
    "focal_point_x": null,
    "focal_point_y": null,
    "focal_point_width": null,
    "focal_point_height": null,
    "file_size": 5871198,
    "file_hash": "07b3a0ad4311d8d5c3c822133f98b77c87e63913"
  }
},
{
  "model": "wagtailimages.image",
  "pk": 2,
  "fields": {
    "collection": 1,
    "title": "home_tui_1600_72.jpg",
    "file": "original_images/home_tui_1600_72.jpg",
    "width": 1600,
    "height": 755,
    "created_at": "2021-03-26T02:25:54.344Z",
    "uploaded_by_user": [
      "admin"
    ],
    "focal_point_x": null,
    "focal_point_y": null,
    "focal_point_width": null,
    "focal_point_height": null,
    "file_size": 257049,
    "file_hash": "46440edb2abedc746922adf1e07e7f89996eea4c"
  }
},
{
  "model": "wagtailimages.image",
  "pk": 3,
  "fields": {
    "collection": 1,
    "title": "home_tui_3840_72.jpg",
    "file": "original_images/home_tui_3840_72.jpg",
    "width": 3840,
    "height": 1811,
    "created_at": "2021-03-31T09:50:27.409Z",
    "uploaded_by_user": [
      "admin"
    ],
    "focal_point_x": null,
    "focal_point_y": null,
    "focal_point_width": null,
    "focal_point_height": null,
    "file_size": 1231159,
    "file_hash": "8190ac29eb34b91e2b0c3898c582d7b1e8bf2f11"
  }
},
{
  "model": "wagtailimages.image",
  "pk": 4,
  "fields": {
    "collection": 1,
    "title": "119125757_3336515723095505_6919348077157678925_o.jpg",
    "file": "original_images/119125757_3336515723095505_6919348077157678925_o.jpg",
    "width": 1600,
    "height": 1200,
    "created_at": "2021-03-31T21:49:25.345Z",
    "uploaded_by_user": [
      "admin"
    ],
    "focal_point_x": null,
    "focal_point_y": null,
    "focal_point_width": null,
    "focal_point_height": null,
    "file_size": 312417,
    "file_hash": "102f195185732661a24abab400782d12ce161472"
  }
},
{
  "model": "wagtailimages.image",
  "pk": 5,
  "fields": {
    "collection": 1,
    "title": "115926980_3189856327761446_9021867623214756503_o.jpeg",
    "file": "original_images/115926980_3189856327761446_9021867623214756503_o.jpeg",
    "width": 2016,
    "height": 1512,
    "created_at": "2021-04-01T00:36:36.635Z",
    "uploaded_by_user": [
      "admin"
    ],
    "focal_point_x": 1111,
    "focal_point_y": 176,
    "focal_point_width": 484,
    "focal_point_height": 297,
    "file_size": 472890,
    "file_hash": "7f80d6f4703aafb5e2f8199fa6082b43b60364fe"
  }
},
{
  "model": "wagtailimages.image",
  "pk": 6,
  "fields": {
    "collection": 1,
    "title": "150229102_10158784869098673_9106276911464431186_n.jpg",
    "file": "original_images/150229102_10158784869098673_9106276911464431186_n.jpg",
    "width": 2000,
    "height": 1500,
    "created_at": "2021-04-09T00:49:46.555Z",
    "uploaded_by_user": [
      "admin"
    ],
    "focal_point_x": null,
    "focal_point_y": null,
    "focal_point_width": null,
    "focal_point_height": null,
    "file_size": 454998,
    "file_hash": "2db25f9d9685e0d7bf73ab88efea9558c8158e66"
  }
},
{
  "model": "wagtailimages.image",
  "pk": 7,
  "fields": {
    "collection": 1,
    "title": "122963784_2635939073336681_810058087068049124_n.jpg",
    "file": "original_images/122963784_2635939073336681_810058087068049124_n.jpg",
    "width": 1137,
    "height": 853,
    "created_at": "2021-04-09T00:55:28.455Z",
    "uploaded_by_user": [
      "admin"
    ],
    "focal_point_x": null,
    "focal_point_y": null,
    "focal_point_width": null,
    "focal_point_height": null,
    "file_size": 329254,
    "file_hash": "1b9a787892b972e7264e7da12c0de8e80845d0c4"
  }
},
{
  "model": "wagtailimages.image",
  "pk": 8,
  "fields": {
    "collection": 1,
    "title": "1549883466.png",
    "file": "original_images/1549883466.png",
    "width": 600,
    "height": 339,
    "created_at": "2021-04-11T22:22:05.357Z",
    "uploaded_by_user": [
      "admin"
    ],
    "focal_point_x": null,
    "focal_point_y": null,
    "focal_point_width": null,
    "focal_point_height": null,
    "file_size": 11859,
    "file_hash": "1fff63b9da61af16edfebbd452be28e9c24a3188"
  }
},
{
  "model": "wagtailimages.image",
  "pk": 9,
  "fields": {
    "collection": 1,
    "title": "counter_tree.png",
    "file": "original_images/counter_tree.png",
    "width": 516,
    "height": 516,
    "created_at": "2021-04-12T20:50:06.285Z",
    "uploaded_by_user": [
      "admin"
    ],
    "focal_point_x": null,
    "focal_point_y": null,
    "focal_point_width": null,
    "focal_point_height": null,
    "file_size": 14365,
    "file_hash": "f4d039a2df3dc9246a696f708027e55bf2da03d6"
  }
},
{
  "model": "wagtailimages.image",
  "pk": 10,
  "fields": {
    "collection": 1,
    "title": "counter_tree.png",
    "file": "original_images/counter_tree_aH0RY9K.png",
    "width": 512,
    "height": 512,
    "created_at": "2021-04-13T00:10:51.943Z",
    "uploaded_by_user": [
      "admin"
    ],
    "focal_point_x": null,
    "focal_point_y": null,
    "focal_point_width": null,
    "focal_point_height": null,
    "file_size": 13493,
    "file_hash": "51aa73b9a20ac71cdd2c785a25da3dc1126eb007"
  }
},
{
  "model": "wagtailimages.image",
  "pk": 11,
  "fields": {
    "collection": 1,
    "title": "counter_rat.png",
    "file": "original_images/counter_rat.png",
    "width": 512,
    "height": 512,
    "created_at": "2021-04-13T01:45:46.109Z",
    "uploaded_by_user": [
      "admin"
    ],
    "focal_point_x": null,
    "focal_point_y": null,
    "focal_point_width": null,
    "focal_point_height": null,
    "file_size": 3752,
    "file_hash": "d78f6d0b02209a25c26b4e01e467f085d98bda8f"
  }
},
{
  "model": "wagtailimages.image",
  "pk": 12,
  "fields": {
    "collection": 1,
    "title": "counter_team.png",
    "file": "original_images/counter_team.png",
    "width": 512,
    "height": 512,
    "created_at": "2021-04-13T01:47:13.402Z",
    "uploaded_by_user": [
      "admin"
    ],
    "focal_point_x": null,
    "focal_point_y": null,
    "focal_point_width": null,
    "focal_point_height": null,
    "file_size": 3718,
    "file_hash": "f7c3e0cc1b7440445982c1b9fc30c68c8a5bd01f"
  }
},
{
  "model": "wagtailimages.image",
  "pk": 13,
  "fields": {
    "collection": 1,
    "title": "counter_tree.png",
    "file": "original_images/counter_tree_lke4fXa.png",
    "width": 512,
    "height": 512,
    "created_at": "2021-04-13T18:05:15.277Z",
    "uploaded_by_user": [
      "admin"
    ],
    "focal_point_x": null,
    "focal_point_y": null,
    "focal_point_width": null,
    "focal_point_height": null,
    "file_size": 8744,
    "file_hash": "27c74997b52d63e467851b2f9f4594936f7091af"
  }
},
{
  "model": "wagtailimages.image",
  "pk": 14,
  "fields": {
    "collection": 1,
    "title": "counter_rat.png",
    "file": "original_images/counter_rat_JbiBVRZ.png",
    "width": 512,
    "height": 512,
    "created_at": "2021-04-13T18:05:33.489Z",
    "uploaded_by_user": [
      "admin"
    ],
    "focal_point_x": null,
    "focal_point_y": null,
    "focal_point_width": null,
    "focal_point_height": null,
    "file_size": 3328,
    "file_hash": "fae39b0412b8590d13a66cc7bacc558509561d88"
  }
},
{
  "model": "wagtailimages.image",
  "pk": 15,
  "fields": {
    "collection": 1,
    "title": "counter_team.png",
    "file": "original_images/counter_team_YN8kC5D.png",
    "width": 512,
    "height": 512,
    "created_at": "2021-04-13T18:06:40.259Z",
    "uploaded_by_user": [
      "admin"
    ],
    "focal_point_x": null,
    "focal_point_y": null,
    "focal_point_width": null,
    "focal_point_height": null,
    "file_size": 3350,
    "file_hash": "921c3736f2c42c78a3c3de3114401de534c0afc6"
  }
},
{
  "model": "wagtailimages.image",
  "pk": 16,
  "fields": {
    "collection": 1,
    "title": "130479245_10159209163333000_9112893219661698964_n.jpg",
    "file": "original_images/130479245_10159209163333000_9112893219661698964_n.jpg",
    "width": 960,
    "height": 720,
    "created_at": "2021-04-13T21:26:01.326Z",
    "uploaded_by_user": [
      "admin"
    ],
    "focal_point_x": null,
    "focal_point_y": null,
    "focal_point_width": null,
    "focal_point_height": null,
    "file_size": 160395,
    "file_hash": "b4fc30d9733201d7ad4e71d1cb8870b0a536a163"
  }
},
{
  "model": "wagtailimages.image",
  "pk": 17,
  "fields": {
    "collection": 1,
    "title": "logo_pfp.png",
    "file": "original_images/logo_pfp.png",
    "width": 548,
    "height": 404,
    "created_at": "2021-04-13T21:42:55.930Z",
    "uploaded_by_user": [
      "admin"
    ],
    "focal_point_x": null,
    "focal_point_y": null,
    "focal_point_width": null,
    "focal_point_height": null,
    "file_size": 23566,
    "file_hash": "a9ae2489c7f65d001ef06ee4165f3c597408fb5d"
  }
},
{
  "model": "wagtailimages.image",
  "pk": 18,
  "fields": {
    "collection": 1,
    "title": "kk+falls+in+flood_rfs.jpg",
    "file": "original_images/kkfallsinflood_rfs.jpg",
    "width": 1500,
    "height": 965,
    "created_at": "2021-04-13T22:01:01.627Z",
    "uploaded_by_user": [
      "admin"
    ],
    "focal_point_x": null,
    "focal_point_y": null,
    "focal_point_width": null,
    "focal_point_height": null,
    "file_size": 2063959,
    "file_hash": "8cf56d8ed3b60f9927e8389b378d6b282426a3b3"
  }
},
{
  "model": "wagtailimages.image",
  "pk": 19,
  "fields": {
    "collection": 1,
    "title": "120634695_3565837613480683_1478123261260628388_n.jpg",
    "file": "original_images/120634695_3565837613480683_1478123261260628388_n.jpg",
    "width": 1902,
    "height": 722,
    "created_at": "2021-04-13T22:23:28.218Z",
    "uploaded_by_user": [
      "admin"
    ],
    "focal_point_x": null,
    "focal_point_y": null,
    "focal_point_width": null,
    "focal_point_height": null,
    "file_size": 284650,
    "file_hash": "84de095fe355a492871a592da6a2074f18a8a897"
  }
},
{
  "model": "wagtailimages.image",
  "pk": 20,
  "fields": {
    "collection": 1,
    "title": "content_bird_2000_72.jpg",
    "file": "original_images/content_bird_2000_72.jpg",
    "width": 2000,
    "height": 1123,
    "created_at": "2021-04-13T22:44:27.305Z",
    "uploaded_by_user": [
      "admin"
    ],
    "focal_point_x": null,
    "focal_point_y": null,
    "focal_point_width": null,
    "focal_point_height": null,
    "file_size": 415360,
    "file_hash": "78ed87abc28eb7b99c56af9cb69ea2262ca502fc"
  }
},
{
  "model": "wagtailimages.image",
  "pk": 21,
  "fields": {
    "collection": 1,
    "title": "content_bird_2000_72_clip.jpg",
    "file": "original_images/content_bird_2000_72_clip.jpg",
    "width": 2000,
    "height": 779,
    "created_at": "2021-04-13T22:46:14.567Z",
    "uploaded_by_user": [
      "admin"
    ],
    "focal_point_x": null,
    "focal_point_y": null,
    "focal_point_width": null,
    "focal_point_height": null,
    "file_size": 278037,
    "file_hash": "3e86496b16cecc03505588482b001f715b715658"
  }
},
{
  "model": "wagtailimages.image",
  "pk": 22,
  "fields": {
    "collection": 1,
    "title": "wallpaper_green.png",
    "file": "original_images/wallpaper_green.png",
    "width": 200,
    "height": 200,
    "created_at": "2021-04-13T22:48:58.260Z",
    "uploaded_by_user": [
      "admin"
    ],
    "focal_point_x": null,
    "focal_point_y": null,
    "focal_point_width": null,
    "focal_point_height": null,
    "file_size": 993,
    "file_hash": "a4a9b17676ea5d1faed20580aea4d4cc56179a34"
  }
},
{
  "model": "wagtailimages.image",
  "pk": 23,
  "fields": {
    "collection": 1,
    "title": "Contact Us",
    "file": "original_images/IMG_5802_2.JPG",
    "width": 4592,
    "height": 3448,
    "created_at": "2021-04-27T02:02:02.967Z",
    "uploaded_by_user": [
      "admin"
    ],
    "focal_point_x": null,
    "focal_point_y": null,
    "focal_point_width": null,
    "focal_point_height": null,
    "file_size": 2802518,
    "file_hash": "c62ee25afa86789e2c0c2af407ad96606206a10e"
  }
},
{
  "model": "wagtailsearch.query",
  "pk": 1,
  "fields": {
    "query_string": "event"
  }
},
{
  "model": "wagtailsearch.query",
  "pk": 2,
  "fields": {
    "query_string": "piha"
  }
},
{
  "model": "wagtailsearch.query",
  "pk": 3,
  "fields": {
    "query_string": "anawhata"
  }
},
{
  "model": "wagtailsearch.query",
  "pk": 4,
  "fields": {
    "query_string": "pest"
  }
},
{
  "model": "wagtailsearch.querydailyhits",
  "pk": 1,
  "fields": {
    "query": 1,
    "date": "2021-04-15",
    "hits": 1
  }
},
{
  "model": "wagtailsearch.querydailyhits",
  "pk": 2,
  "fields": {
    "query": 2,
    "date": "2021-04-15",
    "hits": 2
  }
},
{
  "model": "wagtailsearch.querydailyhits",
  "pk": 3,
  "fields": {
    "query": 3,
    "date": "2021-04-15",
    "hits": 1
  }
},
{
  "model": "wagtailsearch.querydailyhits",
  "pk": 4,
  "fields": {
    "query": 4,
    "date": "2021-04-15",
    "hits": 1
  }
},
{
  "model": "wagtailsearch.querydailyhits",
  "pk": 5,
  "fields": {
    "query": 2,
    "date": "2021-04-26",
    "hits": 16
  }
},
{
  "model": "wagtailcore.site",
  "pk": 2,
  "fields": {
    "hostname": "localhost",
    "port": 80,
    "site_name": "",
    "root_page": 3,
    "is_default_site": true
  }
},
{
  "model": "wagtailcore.locale",
  "pk": 1,
  "fields": {
    "language_code": "en"
  }
},
{
  "model": "wagtailcore.page",
  "pk": 9,
  "fields": {
    "path": "000100010001",
    "depth": 3,
    "numchild": 3,
    "translation_key": "6e733694-3acd-40e0-a918-ce4910668552",
    "locale": 1,
    "title": "News Blog",
    "draft_title": "News Blog",
    "slug": "news-blog",
    "content_type": [
      "news",
      "blogindexpage"
    ],
    "live": true,
    "has_unpublished_changes": false,
    "url_path": "/home/news-blog/",
    "owner": [
      "admin"
    ],
    "seo_title": "",
    "show_in_menus": true,
    "search_description": "",
    "go_live_at": null,
    "expire_at": null,
    "expired": false,
    "locked": false,
    "locked_at": null,
    "locked_by": null,
    "first_published_at": "2021-04-13T19:40:09.684Z",
    "last_published_at": "2021-04-25T19:20:32.049Z",
    "latest_revision_created_at": "2021-04-25T19:20:32.030Z",
    "live_revision": null,
    "alias_of": null
  }
},
{
  "model": "wagtailcore.page",
  "pk": 10,
  "fields": {
    "path": "0001000100010001",
    "depth": 4,
    "numchild": 0,
    "translation_key": "4878edba-5d4e-4ce1-94de-c777366bd14d",
    "locale": 1,
    "title": "Trapped in Kare Kare",
    "draft_title": "Trapped in Kare Kare",
    "slug": "test-title",
    "content_type": [
      "news",
      "blogpage"
    ],
    "live": true,
    "has_unpublished_changes": false,
    "url_path": "/home/news-blog/test-title/",
    "owner": [
      "admin"
    ],
    "seo_title": "",
    "show_in_menus": false,
    "search_description": "",
    "go_live_at": null,
    "expire_at": null,
    "expired": false,
    "locked": false,
    "locked_at": null,
    "locked_by": null,
    "first_published_at": "2021-04-13T20:50:47.720Z",
    "last_published_at": "2021-04-13T21:29:23.280Z",
    "latest_revision_created_at": "2021-04-13T21:29:23.252Z",
    "live_revision": null,
    "alias_of": null
  }
},
{
  "model": "wagtailcore.page",
  "pk": 11,
  "fields": {
    "path": "0001000100010002",
    "depth": 4,
    "numchild": 0,
    "translation_key": "f438d87d-a4ce-4e63-b6bd-1981bc5419da",
    "locale": 1,
    "title": "Wild weeding all weekend",
    "draft_title": "Wild weeding all weekend",
    "slug": "test-title-2",
    "content_type": [
      "news",
      "blogpage"
    ],
    "live": true,
    "has_unpublished_changes": false,
    "url_path": "/home/news-blog/test-title-2/",
    "owner": [
      "admin"
    ],
    "seo_title": "",
    "show_in_menus": false,
    "search_description": "",
    "go_live_at": null,
    "expire_at": null,
    "expired": false,
    "locked": false,
    "locked_at": null,
    "locked_by": null,
    "first_published_at": "2021-04-13T21:18:04.994Z",
    "last_published_at": "2021-04-13T21:28:55.011Z",
    "latest_revision_created_at": "2021-04-13T21:28:54.983Z",
    "live_revision": null,
    "alias_of": null
  }
},
{
  "model": "wagtailcore.page",
  "pk": 12,
  "fields": {
    "path": "0001000100010003",
    "depth": 4,
    "numchild": 0,
    "translation_key": "f3ff2f45-bf51-42e1-86e5-e5f6c2d46e57",
    "locale": 1,
    "title": "Anawhata effort!",
    "draft_title": "Anawhata effort!",
    "slug": "anawhata-effort",
    "content_type": [
      "news",
      "blogpage"
    ],
    "live": true,
    "has_unpublished_changes": false,
    "url_path": "/home/news-blog/anawhata-effort/",
    "owner": [
      "admin"
    ],
    "seo_title": "",
    "show_in_menus": false,
    "search_description": "",
    "go_live_at": null,
    "expire_at": null,
    "expired": false,
    "locked": false,
    "locked_at": null,
    "locked_by": null,
    "first_published_at": "2021-04-13T21:28:29.825Z",
    "last_published_at": "2021-04-13T21:28:29.825Z",
    "latest_revision_created_at": "2021-04-13T21:28:29.804Z",
    "live_revision": null,
    "alias_of": null
  }
},
{
  "model": "wagtailcore.page",
  "pk": 13,
  "fields": {
    "path": "000100010002",
    "depth": 3,
    "numchild": 3,
    "translation_key": "cf0fa85d-53f9-479b-a4f2-2138c2f7f4be",
    "locale": 1,
    "title": "Find Your People",
    "draft_title": "Find Your People",
    "slug": "find-your-people",
    "content_type": [
      "groups",
      "groupindexpage"
    ],
    "live": true,
    "has_unpublished_changes": false,
    "url_path": "/home/find-your-people/",
    "owner": [
      "admin"
    ],
    "seo_title": "",
    "show_in_menus": true,
    "search_description": "",
    "go_live_at": null,
    "expire_at": null,
    "expired": false,
    "locked": false,
    "locked_at": null,
    "locked_by": null,
    "first_published_at": "2021-04-13T21:35:35.321Z",
    "last_published_at": "2021-04-25T19:20:39.663Z",
    "latest_revision_created_at": "2021-04-25T19:20:39.643Z",
    "live_revision": null,
    "alias_of": null
  }
},
{
  "model": "wagtailcore.page",
  "pk": 14,
  "fields": {
    "path": "0001000100020001",
    "depth": 4,
    "numchild": 1,
    "translation_key": "271bbbea-e229-4946-94f3-8d99dde3933b",
    "locale": 1,
    "title": "Pest Free Piha",
    "draft_title": "Pest Free Piha",
    "slug": "pest-free-piha",
    "content_type": [
      "groups",
      "grouppage"
    ],
    "live": true,
    "has_unpublished_changes": false,
    "url_path": "/home/find-your-people/pest-free-piha/",
    "owner": [
      "admin"
    ],
    "seo_title": "",
    "show_in_menus": false,
    "search_description": "",
    "go_live_at": null,
    "expire_at": null,
    "expired": false,
    "locked": false,
    "locked_at": null,
    "locked_by": null,
    "first_published_at": "2021-04-13T21:45:29.031Z",
    "last_published_at": "2021-04-13T22:36:34.611Z",
    "latest_revision_created_at": "2021-04-13T22:36:34.578Z",
    "live_revision": null,
    "alias_of": null
  }
},
{
  "model": "wagtailcore.page",
  "pk": 15,
  "fields": {
    "path": "0001000100020002",
    "depth": 4,
    "numchild": 0,
    "translation_key": "2709dcd2-fa51-4874-b36d-7617dd74c68e",
    "locale": 1,
    "title": "Kare Kare Landcare",
    "draft_title": "Kare Kare Landcare",
    "slug": "kare-kare-landcare",
    "content_type": [
      "groups",
      "grouppage"
    ],
    "live": true,
    "has_unpublished_changes": false,
    "url_path": "/home/find-your-people/kare-kare-landcare/",
    "owner": [
      "admin"
    ],
    "seo_title": "",
    "show_in_menus": false,
    "search_description": "",
    "go_live_at": null,
    "expire_at": null,
    "expired": false,
    "locked": false,
    "locked_at": null,
    "locked_by": null,
    "first_published_at": "2021-04-13T22:09:44.641Z",
    "last_published_at": "2021-04-13T22:35:25.258Z",
    "latest_revision_created_at": "2021-04-13T22:35:25.234Z",
    "live_revision": null,
    "alias_of": null
  }
},
{
  "model": "wagtailcore.page",
  "pk": 16,
  "fields": {
    "path": "0001000100020003",
    "depth": 4,
    "numchild": 0,
    "translation_key": "8e3047e4-47dc-43ae-b22c-b77e9ca95ad3",
    "locale": 1,
    "title": "Friends of Whatipū",
    "draft_title": "Friends of Whatipū",
    "slug": "friends-of-whatipū",
    "content_type": [
      "groups",
      "grouppage"
    ],
    "live": true,
    "has_unpublished_changes": false,
    "url_path": "/home/find-your-people/friends-of-whatipū/",
    "owner": [
      "admin"
    ],
    "seo_title": "",
    "show_in_menus": false,
    "search_description": "",
    "go_live_at": null,
    "expire_at": null,
    "expired": false,
    "locked": false,
    "locked_at": null,
    "locked_by": null,
    "first_published_at": "2021-04-13T22:26:25.079Z",
    "last_published_at": "2021-04-26T19:28:30.433Z",
    "latest_revision_created_at": "2021-04-26T19:28:30.395Z",
    "live_revision": null,
    "alias_of": null
  }
},
{
  "model": "wagtailcore.page",
  "pk": 18,
  "fields": {
    "path": "000100010003",
    "depth": 3,
    "numchild": 0,
    "translation_key": "41f614e3-8a7d-4fc6-8402-9a242f66f6c3",
    "locale": 1,
    "title": "Participate",
    "draft_title": "Participate",
    "slug": "participate",
    "content_type": [
      "events",
      "eventindexpage"
    ],
    "live": true,
    "has_unpublished_changes": false,
    "url_path": "/home/participate/",
    "owner": [
      "admin"
    ],
    "seo_title": "",
    "show_in_menus": true,
    "search_description": "",
    "go_live_at": null,
    "expire_at": null,
    "expired": false,
    "locked": false,
    "locked_at": null,
    "locked_by": null,
    "first_published_at": "2021-04-13T22:55:05.184Z",
    "last_published_at": "2021-04-25T19:20:23.852Z",
    "latest_revision_created_at": "2021-04-25T19:20:23.822Z",
    "live_revision": null,
    "alias_of": null
  }
},
{
  "model": "wagtailcore.page",
  "pk": 19,
  "fields": {
    "path": "00010001000200010001",
    "depth": 5,
    "numchild": 0,
    "translation_key": "4f48ca19-0889-4aeb-9082-8213147b5ac3",
    "locale": 1,
    "title": "Event 01",
    "draft_title": "Event 01",
    "slug": "event-01",
    "content_type": [
      "events",
      "eventpage"
    ],
    "live": true,
    "has_unpublished_changes": false,
    "url_path": "/home/find-your-people/pest-free-piha/event-01/",
    "owner": [
      "admin"
    ],
    "seo_title": "",
    "show_in_menus": false,
    "search_description": "",
    "go_live_at": null,
    "expire_at": null,
    "expired": false,
    "locked": false,
    "locked_at": null,
    "locked_by": null,
    "first_published_at": "2021-04-13T23:42:59.372Z",
    "last_published_at": "2021-04-15T00:41:41.956Z",
    "latest_revision_created_at": "2021-04-15T00:41:41.924Z",
    "live_revision": null,
    "alias_of": null
  }
},
{
  "model": "wagtailcore.page",
  "pk": 21,
  "fields": {
    "path": "000100010004",
    "depth": 3,
    "numchild": 0,
    "translation_key": "f94ec9c0-a07e-4f10-90fd-3b5fb2ef2d8c",
    "locale": 1,
    "title": "Contact us",
    "draft_title": "Contact us",
    "slug": "contact-us",
    "content_type": [
      "contactforms",
      "formpage"
    ],
    "live": true,
    "has_unpublished_changes": false,
    "url_path": "/home/contact-us/",
    "owner": [
      "admin"
    ],
    "seo_title": "",
    "show_in_menus": true,
    "search_description": "",
    "go_live_at": null,
    "expire_at": null,
    "expired": false,
    "locked": false,
    "locked_at": null,
    "locked_by": null,
    "first_published_at": "2021-04-14T22:27:56.484Z",
    "last_published_at": "2021-04-25T19:20:16.317Z",
    "latest_revision_created_at": "2021-04-25T19:20:16.287Z",
    "live_revision": null,
    "alias_of": null
  }
},
{
  "model": "wagtailcore.page",
  "pk": 22,
  "fields": {
    "path": "000100010005",
    "depth": 3,
    "numchild": 0,
    "translation_key": "a38bdce2-d49b-4d93-8488-fb0a625ae99c",
    "locale": 1,
    "title": "About Us",
    "draft_title": "About Us",
    "slug": "about-us",
    "content_type": [
      "common",
      "standardpage"
    ],
    "live": true,
    "has_unpublished_changes": false,
    "url_path": "/home/about-us/",
    "owner": [
      "admin"
    ],
    "seo_title": "",
    "show_in_menus": true,
    "search_description": "",
    "go_live_at": null,
    "expire_at": null,
    "expired": false,
    "locked": false,
    "locked_at": null,
    "locked_by": null,
    "first_published_at": "2021-04-15T06:45:27.376Z",
    "last_published_at": "2021-04-25T19:19:36.611Z",
    "latest_revision_created_at": "2021-04-25T19:19:36.588Z",
    "live_revision": null,
    "alias_of": null
  }
},
{
  "model": "wagtailcore.collection",
  "pk": 1,
  "fields": {
    "path": "0001",
    "depth": 1,
    "numchild": 0,
    "name": "Root"
  }
},
{
  "model": "wagtailcore.workflowpage",
  "pk": 1,
  "fields": {
    "workflow": 1
  }
},
{
  "model": "wagtailcore.workflowtask",
  "pk": 1,
  "fields": {
    "sort_order": 0,
    "workflow": 1,
    "task": 1
  }
},
{
  "model": "wagtailcore.task",
  "pk": 1,
  "fields": {
    "name": "Moderators approval",
    "content_type": [
      "wagtailcore",
      "groupapprovaltask"
    ],
    "active": true
  }
},
{
  "model": "wagtailcore.workflow",
  "pk": 1,
  "fields": {
    "name": "Moderators approval",
    "active": true
  }
},
{
  "model": "wagtailcore.groupapprovaltask",
  "pk": 1,
  "fields": {
    "groups": [
      [
        "Moderators"
      ]
    ]
  }
},
{
  "model": "taggit.tag",
  "pk": 1,
  "fields": {
    "name": "Pest Control",
    "slug": "pest-control"
  }
},
{
  "model": "taggit.tag",
  "pk": 2,
  "fields": {
    "name": "Open Days",
    "slug": "open-days"
  }
},
{
  "model": "taggit.tag",
  "pk": 3,
  "fields": {
    "name": "Weeding",
    "slug": "weeding"
  }
},
{
  "model": "taggit.tag",
  "pk": 4,
  "fields": {
    "name": "Beach Clean-up",
    "slug": "beach-clean-up"
  }
},
{
  "model": "taggit.tag",
  "pk": 5,
  "fields": {
    "name": "Planting",
    "slug": "planting"
  }
},
{
  "model": "wagtailmenus.mainmenuitem",
  "pk": 1,
  "fields": {
    "sort_order": 0,
    "link_page": 3,
    "link_url": null,
    "url_append": "",
    "handle": "KĀINGA",
    "link_text": "Home",
    "allow_subnav": false,
    "menu": 1
  }
},
{
  "model": "wagtailmenus.mainmenuitem",
  "pk": 2,
  "fields": {
    "sort_order": 1,
    "link_page": 18,
    "link_url": null,
    "url_append": "",
    "handle": "WHAKAURU",
    "link_text": "Participate",
    "allow_subnav": false,
    "menu": 1
  }
},
{
  "model": "wagtailmenus.mainmenuitem",
  "pk": 3,
  "fields": {
    "sort_order": 2,
    "link_page": 13,
    "link_url": null,
    "url_append": "",
    "handle": "RŌPŪ",
    "link_text": "Groups",
    "allow_subnav": false,
    "menu": 1
  }
},
{
  "model": "wagtailmenus.mainmenuitem",
  "pk": 4,
  "fields": {
    "sort_order": 3,
    "link_page": 9,
    "link_url": null,
    "url_append": "",
    "handle": "Korero",
    "link_text": "News",
    "allow_subnav": false,
    "menu": 1
  }
},
{
  "model": "wagtailmenus.mainmenuitem",
  "pk": 5,
  "fields": {
    "sort_order": 4,
    "link_page": 22,
    "link_url": null,
    "url_append": "",
    "handle": "Mo tatou",
    "link_text": "About us",
    "allow_subnav": false,
    "menu": 1
  }
},
{
  "model": "wagtailmenus.mainmenuitem",
  "pk": 6,
  "fields": {
    "sort_order": 5,
    "link_page": 21,
    "link_url": null,
    "url_append": "",
    "handle": "Hono",
    "link_text": "Connect",
    "allow_subnav": false,
    "menu": 1
  }
},
{
  "model": "wagtailmenus.flatmenuitem",
  "pk": 1,
  "fields": {
    "sort_order": 0,
    "link_page": 3,
    "link_url": null,
    "url_append": "",
    "handle": "KĀINGA",
    "link_text": "Home",
    "allow_subnav": false,
    "menu": 1
  }
},
{
  "model": "wagtailmenus.flatmenuitem",
  "pk": 2,
  "fields": {
    "sort_order": 1,
    "link_page": 18,
    "link_url": null,
    "url_append": "",
    "handle": "WHAKAURU",
    "link_text": "Participate",
    "allow_subnav": false,
    "menu": 1
  }
},
{
  "model": "wagtailmenus.flatmenuitem",
  "pk": 3,
  "fields": {
    "sort_order": 2,
    "link_page": 13,
    "link_url": null,
    "url_append": "",
    "handle": "RŌPŪ",
    "link_text": "Groups",
    "allow_subnav": false,
    "menu": 1
  }
},
{
  "model": "wagtailmenus.flatmenuitem",
  "pk": 4,
  "fields": {
    "sort_order": 3,
    "link_page": 9,
    "link_url": null,
    "url_append": "",
    "handle": "Korero",
    "link_text": "News",
    "allow_subnav": false,
    "menu": 1
  }
},
{
  "model": "wagtailmenus.flatmenuitem",
  "pk": 5,
  "fields": {
    "sort_order": 4,
    "link_page": 22,
    "link_url": null,
    "url_append": "",
    "handle": "Mo tatou",
    "link_text": "About us",
    "allow_subnav": false,
    "menu": 1
  }
},
{
  "model": "wagtailmenus.flatmenuitem",
  "pk": 6,
  "fields": {
    "sort_order": 5,
    "link_page": 21,
    "link_url": null,
    "url_append": "",
    "handle": "Hono",
    "link_text": "Contact us",
    "allow_subnav": false,
    "menu": 1
  }
},
{
  "model": "wagtailmenus.mainmenu",
  "pk": 1,
  "fields": {
    "site": [
      "localhost",
      80
    ],
    "max_levels": 1
  }
},
{
  "model": "wagtailmenus.flatmenu",
  "pk": 1,
  "fields": {
    "site": [
      "localhost",
      80
    ],
    "title": "Footer Menu",
    "handle": "footer-menu",
    "heading": "",
    "max_levels": 1
  }
}
]